-- サンプルデータ
INSERT INTO `posted_articles` (`id`, `post_date`, `update_date`) VALUES
('201910261323', '201910261323', '202011140027'),
('201911121156', '201911121156', '201911151413'),
('201911151434', '201911151434', '202011092207'),
('201911161629', '201911161629', '202006242132'),
('201911171808', '201911171808', '202104170848'),
('201911191134', '201911191134', '202002112227'),
('201911251209', '201911251209', '202102171348'),
('201911281815', '201911281815', '201911281815'),
('201912080046', '201912080046', '201912242357'),
('201912170018', '201912170018', '202001151814'),
('201912221956', '201912221956', '201912221958'),
('201912301711', '201912301711', '202001060042'),
('202001020004', '202001020004', '202001020959'),
('202001160753', '202001160753', '202001191609'),
('202001271725', '202001271725', '202002172356'),
('202001312038', '202001312038', '202002021708'),
('202002030016', '202002030016', '202002030016'),
('202002111854', '202002111854', '202002152258'),
('202002251149', '202002251149', '202002251149'),
('202003101351', '202003101351', '202003101351'),
('202003150839', '202003150839', '202010121621'),
('202003201431', '202003201431', '202003201638'),
('202003242204', '202003242204', '202003251202'),
('202004031013', '202004031013', '202004042132'),
('202004061806', '202004061806', '202004090103'),
('202004091244', '202004091244', '202012092211'),
('202004121945', '202004121945', '202004122225');

INSERT INTO `tags` (`id`, `org_name`, `norm_name`) VALUES
('20191026132300', 'Markdown', 'MARKDOWN'),
('20191026132301', '雑記', '雑記'),
('20191112115600', 'C++', 'C++'),
('20191112115601', 'テンプレート', 'テンプレート'),
('20191112115602', '配列', '配列'),
('20191112115603', 'プログラム', 'プログラム'),
('20191115143400', '検索', '検索'),
('20191116162900', 'コメント', 'コメント'),
('20191117180800', '数学', '数学'),
('20191117180801', 'PDF', 'PDF'),
('20191117180802', 'まとめ', 'まとめ'),
('20191119113400', 'KeTCindy', 'KETCINDY'),
('20191119113401', 'TeX', 'TEX'),
('20191119113402', 'Cinderella', 'CINDERELLA'),
('20191125120900', 'QR法', 'QR法'),
('20191125120901', 'アルゴリズム', 'アルゴリズム'),
('20191128181501', '平方根', '平方根'),
('20191208004600', 'ゲーム制作', 'ゲーム制作'),
('20191208004601', 'OpenGL', 'OPENGL'),
('20191208004603', '逆運動学', '逆運動学'),
('20191208004604', 'Part1リンク', 'PART1リンク'),
('20191217001802', '考察', '考察'),
('20191222195602', 'グラフ理論', 'グラフ理論'),
('20200102000401', 'C11', 'C11'),
('20200102000402', 'メモ', 'メモ'),
('20200116075300', 'JavaScript', 'JAVASCRIPT'),
('20200127172500', 'Arduino', 'ARDUINO'),
('20200127172501', 'センサ', 'センサ'),
('20200127172502', 'LCD', 'LCD'),
('20200131203801', 'FFT', 'FFT'),
('20200131203802', '高速フーリエ変換', '高速フーリエ変換'),
('20200203001602', 'SVG', 'SVG'),
('20200211185401', 'ベルヌーイ数', 'ベルヌーイ数'),
('20200225114901', 'ベッセル関数', 'ベッセル関数'),
('20200310135100', '分割統治法', '分割統治法'),
('20200315083900', 'アセンブラ', 'アセンブラ'),
('20200315083901', '入門', '入門'),
('20200320143100', '2の補数', '2の補数'),
('20200412194501', '偏微分', '偏微分');

INSERT INTO `posted_articles_tags` (`article_id`, `tag_id`) VALUES
('201910261323', '20191026132300'),
('201910261323', '20191026132301'),
('201911121156', '20191112115600'),
('201911121156', '20191112115601'),
('201911121156', '20191112115602'),
('201911121156', '20191112115603'),
('201911151434', '20191115143400'),
('201911161629', '20191026132300'),
('201911161629', '20191116162900'),
('201911171808', '20191117180800'),
('201911171808', '20191117180801'),
('201911171808', '20191117180802'),
('201911191134', '20191026132301'),
('201911191134', '20191119113400'),
('201911191134', '20191119113401'),
('201911191134', '20191119113402'),
('201911251209', '20191112115600'),
('201911251209', '20191112115603'),
('201911251209', '20191117180800'),
('201911251209', '20191125120900'),
('201911251209', '20191125120901'),
('201911281815', '20191112115600'),
('201911281815', '20191112115603'),
('201911281815', '20191117180800'),
('201911281815', '20191125120901'),
('201911281815', '20191128181501'),
('201912080046', '20191112115600'),
('201912080046', '20191208004600'),
('201912080046', '20191208004601'),
('201912080046', '20191208004603'),
('201912080046', '20191208004604'),
('201912170018', '20191112115600'),
('201912170018', '20191117180800'),
('201912170018', '20191217001802'),
('201912221956', '20191112115600'),
('201912221956', '20191117180800'),
('201912221956', '20191222195602'),
('201912301711', '20191112115600'),
('201912301711', '20191208004601'),
('202001020004', '20191112115600'),
('202001020004', '20200102000401'),
('202001020004', '20200102000402'),
('202001160753', '20191112115603'),
('202001160753', '20200102000402'),
('202001160753', '20200116075300'),
('202001271725', '20191112115600'),
('202001271725', '20200127172500'),
('202001271725', '20200127172501'),
('202001271725', '20200127172502'),
('202001312038', '20191117180800'),
('202001312038', '20200131203801'),
('202001312038', '20200131203802'),
('202002030016', '20191117180801'),
('202002030016', '20191119113401'),
('202002030016', '20200102000402'),
('202002030016', '20200203001602'),
('202002111854', '20191117180800'),
('202002111854', '20200211185401'),
('202002251149', '20191117180800'),
('202002251149', '20200225114901'),
('202003101351', '20191125120901'),
('202003101351', '20200310135100'),
('202003150839', '20191112115603'),
('202003150839', '20191208004604'),
('202003150839', '20200315083900'),
('202003150839', '20200315083901'),
('202003201431', '20191117180800'),
('202003201431', '20200320143100'),
('202003242204', '20191112115603'),
('202003242204', '20200315083900'),
('202003242204', '20200315083901'),
('202004031013', '20200315083900'),
('202004031013', '20200315083901'),
('202004061806', '20200315083900'),
('202004061806', '20200315083901'),
('202004091244', '20200315083900'),
('202004091244', '20200315083901'),
('202004121945', '20191117180800'),
('202004121945', '20200412194501');
